TP,FP,TN,FN,precision,recall,F1,balanced_acc,Rule / Comparison,τ (threshold),n (blocks)
134805,117059,23983,19794,0.535229330114665,0.8719655366464207,0.663307607334493,0.5210035422770681,SSI (any-pixel),0.1,295641
134832,117416,23626,19767,0.5345215819352384,0.8721401820192886,0.6628142766199578,0.5198252844981087,SSI (mean-SSI),0.1,295641
109285,38576,102466,45314,0.7391063228302257,0.7068933175505663,0.722641010381538,0.7166930676463996,SSI (SpaceDef only),0.1,295641
133239,109290,31752,21360,0.5493734769862573,0.8618361050200842,0.6710128724240043,0.5434802680203157,SSI (any-pixel),0.2,295641
133359,110723,30319,21240,0.5463696626543538,0.8626123066772747,0.6690010308993908,0.5387883217707357,SSI (mean-SSI),0.2,295641
107659,32754,108288,46940,0.7667310006908192,0.6963757850956345,0.7298618361286998,0.7320735436304735,SSI (SpaceDef only),0.2,295641
130292,98768,42274,24307,0.5688116650659216,0.8427738859889132,0.679207316914239,0.5712501043222881,SSI (any-pixel),0.3,295641
130581,101831,39211,24018,0.5618513673992737,0.8446432383133138,0.6748180284281324,0.5613263127940131,SSI (mean-SSI),0.3,295641
105278,28082,112960,49321,0.7894271145770846,0.6809746505475456,0.7312013168541355,0.740935418749475,SSI (SpaceDef only),0.3,295641
