Country,Threshold,TotalSegments,RF_Deprived_Seg,SSI_Deprived_Seg,SpaceDef_Deprived_Seg,AnyPixel_Deprived_Seg,RF_Deprived_Pop,SSI_Deprived_Pop,SpaceDef_Deprived_Pop,AnyPixel_Deprived_Pop,Total_Pop,Status
democratic_republic_of_the_congo,0.1,31029,23196,23259,13770,23248,27911742.949422978,34886606.06245163,21022697.592041433,34862924.53687878,43591738.80871353,OK
democratic_republic_of_the_congo,0.2,31029,23196,22944,13423,22887,27911742.949422978,34383527.60457822,19584678.170455918,34132006.1878452,43591738.80871353,OK
democratic_republic_of_the_congo,0.3,31029,23196,22411,13027,22283,27911742.949422978,33542409.72380981,18082344.881199,33180951.174072724,43591738.80871353,OK
south_africa,0.1,27136,14843,23695,17143,23604,14259662.039745547,27212517.585658457,19197512.755961657,27104679.883191966,30289706.700292468,OK
south_africa,0.2,27136,14843,22320,16335,21945,14259662.039745547,25710898.79846384,17610506.651710916,25137843.931558985,30289706.700292468,OK
south_africa,0.3,27136,14843,20897,15623,20217,14259662.039745547,23866996.837899745,16387419.616846792,22722289.595276702,30289706.700292468,OK
sudan,0.1,16340,11129,10879,9955,10876,9307861.73609874,10063106.167427158,9029514.731169675,10052796.59744846,15147905.022114927,OK
sudan,0.2,16340,11129,10781,9619,10764,9307861.73609874,9951761.374688393,8544251.265663669,9892641.064615367,15147905.022114927,OK
sudan,0.3,16340,11129,10601,9276,10550,9307861.73609874,9727633.140091911,8154441.533825358,9628228.131793216,15147905.022114927,OK
ethiopia,0.1,12094,7011,5658,5227,5658,7454895.301824661,6825138.961041707,6110943.416656317,6825138.961041707,14999047.865587963,OK
ethiopia,0.2,12094,7011,5638,5063,5631,7454895.301824661,6773333.419078095,5663296.586698699,6765506.078352381,14999047.865587963,OK
ethiopia,0.3,12094,7011,5589,4899,5560,7454895.301824661,6713770.707259278,5214966.155977767,6636630.046818118,14999047.865587963,OK
nigeria,0.1,64327,28358,57624,17085,57577,31803913.240793403,83745217.18477221,23248603.86971004,83381054.62359662,91597687.98445147,OK
nigeria,0.2,64327,28358,56496,15803,56273,31803913.240793403,81273639.46707717,19820759.120439406,80540217.0316138,91597687.98445147,OK
nigeria,0.3,64327,28358,54200,14578,53641,31803913.240793403,76969272.87001368,17029413.73180765,75268462.99567473,91597687.98445147,OK
niger,0.1,4747,3472,4511,3879,4511,2885990.012733085,4443842.911322968,3718213.417246092,4443842.911322968,4622590.486370739,OK
niger,0.2,4747,3472,4496,3770,4493,2885990.012733085,4413828.876030298,3470809.428470706,4409833.997527137,4622590.486370739,OK
niger,0.3,4747,3472,4470,3649,4453,2885990.012733085,4382823.798645691,3221296.6353985807,4344984.382878397,4622590.486370739,OK
mozambique,0.1,6041,3632,5387,3902,5383,4411877.493971681,6588815.879220901,4969266.34138155,6581773.633908871,7310755.477268714,OK
mozambique,0.2,6041,3632,5280,3740,5273,4411877.493971681,6416539.399311366,4683056.410676069,6407344.483797491,7310755.477268714,OK
mozambique,0.3,6041,3632,5121,3587,5091,4411877.493971681,6240586.786545958,4438197.000818005,6176143.684559988,7310755.477268714,OK
angola,0.1,16222,10458,799,620,799,12619480.087913273,1614432.624426225,1301351.055943437,1614432.624426225,20650829.648216836,OK
angola,0.2,16222,10458,783,587,781,12619480.087913273,1543827.795569255,1162459.1300805542,1520928.7785240752,20650829.648216836,OK
angola,0.3,16222,10458,757,567,753,12619480.087913273,1478638.591449318,1128928.394330135,1467668.830742514,20650829.648216836,OK
namibia,0.1,347,217,314,274,310,250341.076705335,377226.42412410397,332873.34303806105,372977.37940164196,405575.736074747,OK
namibia,0.2,347,217,300,262,290,250341.076705335,360587.893111637,317504.702036847,347290.64339792,405575.736074747,OK
namibia,0.3,347,217,281,252,276,250341.076705335,336608.73186771,304678.879933064,331008.547230195,405575.736074747,OK
mauritania,0.1,1828,934,1245,1173,1244,795926.20751279,1218588.005516741,1115613.4123130739,1214850.9642744008,1706446.892726493,OK
mauritania,0.2,1828,934,1190,1109,1183,795926.20751279,1140358.576818234,1018484.4636082479,1128883.190795713,1706446.892726493,OK
mauritania,0.3,1828,934,1128,1055,1105,795926.20751279,1062738.777954298,960318.530994495,1025983.8442668158,1706446.892726493,OK
somalia,0.1,7648,6263,5106,4810,5105,6411910.872396017,6079511.295999288,5593150.5635809405,5967313.762166653,8295293.609712728,OK
somalia,0.2,7648,6263,5067,4738,5060,6411910.872396017,5879304.74281895,5402328.470222745,5865071.774454884,8295293.609712728,OK
somalia,0.3,7648,6263,4980,4619,4953,6411910.872396017,5723114.253740694,5084667.803232138,5650339.84842113,8295293.609712728,OK
egypt,0.1,59492,26907,36526,24772,36366,27006556.300046273,52051636.82580356,30497213.08942477,51671220.96101294,76177735.74980159,OK
egypt,0.2,59492,26907,34001,23438,33478,27006556.300046273,45989191.65046624,27207065.45410601,44764774.803243205,76177735.74980159,OK
egypt,0.3,59492,26907,30942,22194,30061,27006556.300046273,39603074.72216349,24767728.110287435,37582547.74876408,76177735.74980159,OK
tanzania,0.1,9739,5545,7901,4724,7893,8968538.238176502,12817304.605705645,8602778.452757286,12793474.22767098,14983633.215272395,OK
tanzania,0.2,9739,5545,7626,4363,7600,8968538.238176502,12484725.039047442,7752524.354614542,12449455.618704986,14983633.215272395,OK
tanzania,0.3,9739,5545,7203,4038,7109,8968538.238176502,11899756.09658456,7157447.671063641,11682511.667063233,14983633.215272395,OK
zambia,0.1,6357,2859,2349,1032,2345,3070715.493735691,2737430.379299511,1126562.796345261,2714146.684630257,7472185.76578634,OK
zambia,0.2,6357,2859,2187,929,2168,3070715.493735691,2553582.9294303684,946198.198002966,2517334.8752716873,7472185.76578634,OK
zambia,0.3,6357,2859,2018,854,1956,3070715.493735691,2350873.424982537,837778.183723039,2263845.319514536,7472185.76578634,OK
central_african_republic,0.1,868,599,748,564,748,1158658.28063745,1464939.915729581,1193205.051772482,1464939.915729581,1601841.313697086,OK
central_african_republic,0.2,868,599,741,541,738,1158658.28063745,1459594.548600079,1128895.727946587,1457171.602683364,1601841.313697086,OK
central_african_republic,0.3,868,599,729,517,724,1158658.28063745,1447020.802529752,1075972.1509400238,1432626.776769955,1601841.313697086,OK
cameroon,0.1,10141,6094,8158,4023,8154,8374843.0480944235,13382695.824232766,6386409.167203043,13348357.063695058,15198621.01101642,OK
cameroon,0.2,10141,6094,7978,3793,7946,8374843.0480944235,12926290.155891245,5698132.965936916,12850015.220594626,15198621.01101642,OK
cameroon,0.3,10141,6094,7591,3570,7487,8374843.0480944235,12254056.706442632,5002193.751221339,11962821.82762372,15198621.01101642,OK
kenya,0.1,6162,3419,4811,3407,4803,5982457.600518698,9375722.122988556,6871372.038660615,9360861.754332663,10892339.03186487,OK
kenya,0.2,6162,3419,4608,3226,4574,5982457.600518698,8876381.640797142,6309152.465902625,8773153.809202988,10892339.03186487,OK
kenya,0.3,6162,3419,4367,3015,4264,5982457.600518698,8280788.860188021,5570970.5585642345,7971444.277807139,10892339.03186487,OK
republic_of_congo,0.1,3955,3185,2789,2183,2788,2746524.208588925,3126861.656339008,2044497.5933782428,3126332.7449636078,4109466.966085707,OK
republic_of_congo,0.2,3955,3185,2744,2153,2732,2746524.208588925,2984901.163795542,1997261.995184822,2942381.508076028,4109466.966085707,OK
republic_of_congo,0.3,3955,3185,2678,2129,2669,2746524.208588925,2724499.289524054,1922841.5996607612,2711113.8566799583,4109466.966085707,OK
burkina_faso,0.1,5322,3465,5284,4736,5283,3050540.6835750965,5077578.85562098,4513616.591647005,5076721.095228455,5103500.920221765,OK
burkina_faso,0.2,5322,3465,5262,4603,5258,3050540.6835750965,5058332.548016237,4270436.01237512,5050040.280402376,5103500.920221765,OK
burkina_faso,0.3,5322,3465,5217,4456,5203,3050540.6835750965,5006525.786970261,4060813.5778721287,4985641.209338203,5103500.920221765,OK
cote_d_ivoire,0.1,8162,4529,6018,3580,6011,4754504.021874944,8320935.692534198,4995745.353715535,8307996.343677992,10639014.760486715,OK
cote_d_ivoire,0.2,8162,4529,5787,3333,5754,4754504.021874944,7902962.0174307395,4327930.8325256575,7810889.850837248,10639014.760486715,OK
cote_d_ivoire,0.3,8162,4529,5372,3071,5301,4754504.021874944,7333982.815260585,3609776.390626406,7206626.01327275,10639014.760486715,OK
ghana,0.1,12130,4457,11309,3219,11306,4999951.299804114,15238272.173728533,4427009.163006995,15232988.047688963,15943320.20250525,OK
ghana,0.2,12130,4457,11038,2893,11011,4999951.299804114,14812612.37596561,3661768.662675529,14703725.1332083,15943320.20250525,OK
ghana,0.3,12130,4457,10530,2623,10443,4999951.299804114,14075243.958585843,3176614.0116034597,13906340.586367296,15943320.20250525,OK
guinea,0.1,3587,2176,3136,2021,3135,2378019.35855369,4582925.772262955,2541775.782161159,4582334.958480289,5008076.957590911,OK
guinea,0.2,3587,2176,3029,1902,3001,2378019.35855369,4449264.317158738,2252907.901488836,4303313.43575461,5008076.957590911,OK
guinea,0.3,3587,2176,2850,1802,2799,2378019.35855369,4106556.906539065,2055251.106740383,3938288.340076875,5008076.957590911,OK
uganda,0.1,4645,2648,4375,2687,4368,3287733.689689286,6176261.335669458,3843022.636490787,6159298.4889480565,6399543.600518564,OK
uganda,0.2,4645,2648,4255,2469,4242,3287733.689689286,6044787.568636404,3377341.7246528855,6032714.270480342,6399543.600518564,OK
uganda,0.3,4645,2648,4065,2278,4007,3287733.689689286,5845632.41886376,3045533.023804875,5755760.7183575425,6399543.600518564,OK
senegal,0.1,8269,4420,7442,6008,7436,3849218.871484082,7371437.703566984,5789931.364324362,7363619.500086123,8346712.4342455845,OK
senegal,0.2,8269,4420,7253,5757,7233,3849218.871484082,7127322.308667098,5388525.971534555,7085764.27410478,8346712.4342455845,OK
senegal,0.3,8269,4420,6978,5547,6931,3849218.871484082,6725945.452744167,5121896.045413965,6613655.973423211,8346712.4342455845,OK
malawi,0.1,1727,1144,779,531,779,1465175.1355378958,1333551.251819232,1025826.631322051,1333551.251819232,2369040.752047225,OK
malawi,0.2,1727,1144,763,495,760,1465175.1355378958,1315940.819289613,863249.758287927,1311759.4285264509,2369040.752047225,OK
malawi,0.3,1727,1144,736,463,726,1465175.1355378958,1287490.7409314131,789487.149401793,1216259.0650232052,2369040.752047225,OK
benin,0.1,4612,1725,4016,2270,4013,1395721.3905348799,4180925.473621064,2206727.0611929162,4165287.3600339172,4673285.7469121665,OK
benin,0.2,4612,1725,3766,2135,3740,1395721.3905348799,3899643.108996452,1996731.254577022,3870921.733670799,4673285.7469121665,OK
benin,0.3,4612,1725,3455,1997,3390,1395721.3905348799,3602260.47602085,1827629.774544884,3479688.787980756,4673285.7469121665,OK
liberia,0.1,876,270,699,161,696,404097.593758978,1931506.6180489769,515591.45622133504,1925977.538552647,2216567.2099406663,OK
liberia,0.2,876,270,640,136,633,404097.593758978,1843347.791730774,382039.93833951507,1821858.269458294,2216567.2099406663,OK
liberia,0.3,876,270,566,114,542,404097.593758978,1695679.007295432,318691.99052200705,1615672.0534567428,2216567.2099406663,OK
togo,0.1,3041,1160,2882,1947,2880,1056946.835131244,3175493.781507536,1978559.047186898,3172467.456990256,3367055.130280057,OK
togo,0.2,3041,1160,2793,1788,2789,1056946.835131244,3083166.9020407842,1702392.200127776,3079060.663974046,3367055.130280057,OK
togo,0.3,3041,1160,2686,1685,2659,1056946.835131244,2945154.0176757053,1550332.402892177,2893868.436396007,3367055.130280057,OK
sierra_leone,0.1,1334,750,1198,472,1198,1659545.070949927,3041920.875793005,1439416.277551887,3041920.875793005,3190790.4146762565,OK
sierra_leone,0.2,1334,750,1173,446,1169,1659545.070949927,3013998.5154317627,1231338.104991529,3004029.0284805894,3190790.4146762565,OK
sierra_leone,0.3,1334,750,1114,424,1092,1659545.070949927,2931397.4190261588,1034328.809829492,2847144.705037464,3190790.4146762565,OK
rwanda,0.1,1270,596,1184,652,1184,706185.9581340831,1581427.591095317,951798.3144241759,1581427.591095317,1649343.029407573,OK
rwanda,0.2,1270,596,1141,575,1137,706185.9581340831,1536312.62764686,811344.9031563441,1532108.9066235041,1649343.029407573,OK
rwanda,0.3,1270,596,1076,514,1059,706185.9581340831,1477227.802385099,707525.715357513,1436207.409488365,1649343.029407573,OK
burundi,0.1,1348,907,1175,871,1175,987588.5519040279,1588172.499870013,1159630.151499093,1588172.499870013,1714038.352422793,OK
burundi,0.2,1348,907,1152,840,1150,987588.5519040279,1556707.324446568,1087828.4536139339,1553213.7263615378,1714038.352422793,OK
burundi,0.3,1348,907,1116,803,1103,987588.5519040279,1512711.18909432,966696.242914741,1487729.023770026,1714038.352422793,OK
gambia,0.1,1505,643,880,81,876,570702.210538707,937325.7937540489,77220.94616700901,920719.580245679,1446656.488261111,OK
gambia,0.2,1505,643,742,68,729,570702.210538707,759159.225044216,62313.693770767,733676.311231804,1446656.488261111,OK
gambia,0.3,1505,643,584,55,550,570702.210538707,586345.73095299,48177.756209205014,521908.965107862,1446656.488261111,OK
djibouti,0.1,301,208,109,80,109,222181.793412247,192508.22530747403,107016.51488164501,192508.22530747403,420632.270088937,OK
djibouti,0.2,301,208,105,79,104,222181.793412247,185182.164636281,100491.23645357501,183670.977109521,420632.270088937,OK
djibouti,0.3,301,208,101,77,100,222181.793412247,173309.94526393604,98106.42486858502,166784.66683586605,420632.270088937,OK
Overall,0.1,342602,187219,252245,147859,251861,206210006.65379867,342741838.0762598,187934665.9803768,341546110.0435108,441540979.55466056,OK
Overall,0.2,342602,187219,244079,140411,242526,206210006.65379867,327711014.6907116,169834006.2103292,323978600.890484,441540979.55466056,OK
Overall,0.3,342602,187219,232409,133358,229057,206210006.65379867,307910127.78930277,154752465.61242506,300111178.5098893,441540979.55466056,OK
