Rule,Threshold,TotalSegments,RF_Deprived_Seg,Rule_Deprived_Seg,Total_Pop_M,RF_Deprived_Pop_M,Rule_Deprived_Pop_M,RF_Deprived_Pop_%,Rule_Deprived_Pop_%
Any-pixel,0.1,342602,187219,251861,441.54,206.21,341.55,46.7,77.35
Any-pixel,0.2,342602,187219,242526,441.54,206.21,323.98,46.7,73.38
Any-pixel,0.3,342602,187219,229057,441.54,206.21,300.11,46.7,67.97
Mean-SSI,0.1,342602,187219,252245,441.54,206.21,342.74,46.7,77.62
Mean-SSI,0.2,342602,187219,244079,441.54,206.21,327.71,46.7,74.22
Mean-SSI,0.3,342602,187219,232409,441.54,206.21,307.91,46.7,69.74
SpaceDef,0.1,342602,187219,147859,441.54,206.21,187.93,46.7,42.56
SpaceDef,0.2,342602,187219,140411,441.54,206.21,169.83,46.7,38.46
SpaceDef,0.3,342602,187219,133358,441.54,206.21,154.75,46.7,35.05
