TP,FP,TN,FN,precision,recall,F1,balanced_acc,country,Rule / Comparison,τ (threshold),n (blocks)
4661,3493,528,1275,0.5716212901643365,0.7852088948787062,0.6616039744499644,0.4582597570638246,cameroon,SSI (any-pixel),0.1,9957
4583,3363,658,1353,0.5767681852504405,0.7720687331536388,0.6602794986313211,0.4678548092527707,cameroon,SSI (any-pixel),0.2,9957
4391,3096,925,1545,0.5864832376118606,0.7397237196765498,0.6542501676227371,0.4848829988584191,cameroon,SSI (any-pixel),0.3,9957
4661,3497,524,1275,0.5713410149546457,0.7852088948787062,0.6614162054775081,0.4577623683545483,cameroon,SSI (mean-SSI),0.1,9957
4594,3384,637,1342,0.5758335422411632,0.773921832884097,0.6603421014805232,0.4661700683942992,cameroon,SSI (mean-SSI),0.2,9957
4415,3176,845,1521,0.5816098010802265,0.743766846361186,0.652768537000074,0.47695678801521124,cameroon,SSI (mean-SSI),0.3,9957
3247,776,3245,2689,0.8071091225453642,0.5470013477088949,0.6520735013555577,0.6770072642548454,cameroon,SSI (SpaceDef only),0.1,9957
3181,612,3409,2755,0.8386501450039546,0.5358827493261455,0.653921266317196,0.691840902143799,cameroon,SSI (SpaceDef only),0.2,9957
3060,510,3511,2876,0.8571428571428571,0.5154986522911051,0.6438039133179044,0.6943322657128244,cameroon,SSI (SpaceDef only),0.3,9957
